{"beta_mean":30.91294288635254,"topk_rewards":0.9956521739130435,"model_param_norm":41.64677810668945,"hsri":0.5108693251087766,"eval_step":80,"train_loss":171.1732635498047,"z_learning_rate":0.001,"gradient_norm":10,"sample_r":0.8233222876226383,"step":99,"pref_0_mean":0.5277777910232544,"_runtime":44.790530305,"beta_std":1.1148511171340942,"learning_rate":0.0001,"hypervolume":0.21168687091830393,"topk_diversity":41.84444444444444,"_timestamp":1.7491223142064395e+09,"train_rewards":-0.2285938858985901,"pref_1_mean":0.472222238779068,"_wandb":{"runtime":44},"pareto_front":{"path":"media/images/pareto_front_80_3f8c363c073b92f3dc63.png","format":"png","width":800,"height":600,"_type":"image-file","sha256":"3f8c363c073b92f3dc638b37a52fff470792f1fc964be500529afb3f96d5e70c","size":37973},"_step":99}