{"z_learning_rate":0.001,"_wandb":{"runtime":1224},"sample_sequences":{"_latest_artifact_path":"wandb-client-artifact://pvz04tmxe7cmz3imnlgldnuw6lx01lqh2zwaa2h30f29qiph37ehlhqovs16p66xk91tv8otin8j0ndsjajbznoglcunobphjwzqk179jw7zo9rtqlp6uv6rt77pxt2m:latest/sample_sequences.table.json","log_mode":"IMMUTABLE","size":1055,"nrows":10,"ncols":5,"sha256":"ef2466e46784549383ecb037adf96122c88a2dfb4998a3f01a076c3a263ec00a","artifact_path":"wandb-client-artifact://x18uumonqz2j6fwlsftmdb8ek8erjjgt8e2pe8dosp9javmnopqb17ew1oz4umdvgyw40oqzj66ivgrdcwy5t6dnq32xu3jor1p1yow1i9kbahxyj5j0baut973rq3m2/sample_sequences.table.json","path":"media/table/sample_sequences_1000_ef2466e46784549383ec.table.json","_type":"table-file"},"gradient_norm":10,"train_rewards":-0.03920859470963478,"hypervolume":0.07333207307749372,"beta_mean":31.01971435546875,"pareto_front":{"height":600,"_type":"image-file","sha256":"5989fb4c074e8a1bf2d927e26b4a5f318620df12e8bef52a6cb6fc6b887eb52b","size":26543,"path":"media/images/pareto_front_1800_5989fb4c074e8a1bf2d9.png","format":"png","width":800},"learning_rate":0.0001,"model_param_norm":39.777366638183594,"topk_diversity":49.544444444444444,"pref_0_mean":0.4305555820465088,"hsri":0,"_step":1999,"train_loss":1.1713666915893555,"topk_rewards":0.9982822788434011,"eval_step":1800,"sample_r":0.96180976943745,"beta_std":1.0937938690185547,"step":1999,"pref_1_mean":0.569444477558136,"_timestamp":1.7491252948390555e+09,"_runtime":1224.610617408}