{"z_learning_rate":0.001,"_wandb":{"runtime":1209},"pref_0_mean":0.409722238779068,"train_rewards":-0.1370609998703003,"_step":1999,"beta_mean":31.40164566040039,"train_loss":0.5248312950134277,"_runtime":1209.076306294,"gradient_norm":9.999999046325684,"beta_std":0.5921628475189209,"hypervolume":0.04392606339334311,"topk_rewards":0.9039772727272728,"pref_1_mean":0.5902777910232544,"sample_sequences":{"ncols":5,"log_mode":"IMMUTABLE","sha256":"e1ff142e8a49815de4d04ea76a35bf5a0f0721929e06a62d29bb6da764fe5d65","_type":"table-file","size":1200,"artifact_path":"wandb-client-artifact://zf4gnyvhf1y2k22yqjbbax580mwwebjfel8qrjrx1drmq66unkd89hhm4vs2fi7jt92xl0j7fakoyrkmkraboz0feux7kgky0wyk9y489ptd4ronpw72rocg7hqfkykk/sample_sequences.table.json","nrows":10,"path":"media/table/sample_sequences_1000_e1ff142e8a49815de4d0.table.json","_latest_artifact_path":"wandb-client-artifact://4v5tsq5myyr7662fuc829p4jyvib73qczyyb2q10yd0tqzzh9qw9gt2urhgddrnxvmhctw137kfhk77ytsjbbsn5s6wllanafz1i6r63awqs2i8qp8a10q19k7enzyiv:latest/sample_sequences.table.json"},"learning_rate":0.0001,"hsri":0.1485389308360428,"_timestamp":1.749124064603911e+09,"eval_step":1800,"topk_diversity":48.67777777777778,"step":1999,"pareto_front":{"size":28139,"path":"media/images/pareto_front_1800_0df7cbbca42807a61fd0.png","format":"png","width":800,"height":600,"_type":"image-file","sha256":"0df7cbbca42807a61fd0b4bb83d3eb7802c811bdf7c141b2330944248f52886f"},"model_param_norm":39.801109313964844,"sample_r":0.8576842639440004}