{"pref_1_mean":0.4861111044883728,"_runtime":41.693096271,"beta_mean":31.12230110168457,"pareto_front":{"size":41117,"path":"media/images/pareto_front_80_0081a7965b91f6cb122c.png","format":"png","width":800,"height":600,"_type":"image-file","sha256":"0081a7965b91f6cb122c812e4eba590e60c3bfec12c687b53a5b959794a1e81f"},"_step":99,"step":99,"learning_rate":0.0001,"hypervolume":0.20620607816078007,"pref_0_mean":0.5138888359069824,"hsri":0.5108693251087792,"z_learning_rate":0.001,"_wandb":{"runtime":41},"gradient_norm":9.999999046325684,"train_loss":163.14102172851562,"model_param_norm":41.432212829589844,"topk_diversity":43.41111111111111,"beta_std":0.863457977771759,"eval_step":80,"topk_rewards":0.9956521739130435,"sample_r":0.8311004643856503,"_timestamp":1.749121519609517e+09,"train_rewards":-0.17661595344543457}