{"model_param_norm":39.04602813720703,"beta_std":1.3418267965316772,"_runtime":1785.890610862,"pref_1_mean":0.2847222089767456,"sample_sequences":{"log_mode":"IMMUTABLE","ncols":5,"path":"media/table/sample_sequences_2000_a16184dc9b6daa2408b5.table.json","sha256":"a16184dc9b6daa2408b52edc0ec5acefd55e8553228f7a8275dbbbb62e95f904","_latest_artifact_path":"wandb-client-artifact://c8om5nd63i3ibrgywj5586n3y0phjntu1b71ostqgsjoehe1ci4o81wa3hxqvm68jpjlu7fufus8btja9pkfq76lds5j48va28eiy7emsxzdabskjek3gxte7o9vmy0x:latest/sample_sequences.table.json","artifact_path":"wandb-client-artifact://hv432d3kingri0k5lkzbdvidqqzolxu8kykf8169v0aln2kp9vbz9k13dsdpad69skdh32m7etyxnicb8penhda9a6i5b8ztrernmv5rxxi6lxsncwxu6b3ozyinjavq/sample_sequences.table.json","_type":"table-file","nrows":10,"size":1197},"step":2999,"hypervolume":0.4681368069876694,"_timestamp":1.7491270867761376e+09,"beta_mean":30.930156707763672,"hsri":0.08779119698573622,"pref_0_mean":0.2569444477558136,"sample_r":0.8834943118404924,"pareto_front":{"sha256":"041bcecaf6e66108805786cd90434d451c72baa33a575cf4ac8ee5484f3f4799","size":18387,"path":"media/plotly/pareto_front_2800_041bcecaf6e661088057.plotly.json","_type":"plotly-file"},"_wandb":{"runtime":1785},"topk_rewards":0.9228948845176915,"gradient_norm":10,"train_rewards":-0.13234475255012512,"eval_step":2800,"z_learning_rate":0.001,"train_loss":1.0527020692825317,"topk_diversity":49.46666666666667,"_step":2999,"learning_rate":0.0001}